key,checkers_name,pack_size,price,regular,match,link,note
choc_chips,,,,,none,,No milk chocolate chips/drops listing with a price found
tomato_sauce,ALL GOLD Tomato Sauce Bottle 500ml,500,34.99,,same,https://products.checkers.co.za/All-Departments/Food/Food-Cupboard/Table-Condiments-and-Dressings/Tomato-Sauce/ALL-GOLD-Tomato-Sauce-Bottle-500ml/p/10767836EA,
artichokes,,,,,none,https://www.checkers.co.za/product/staffords-artichoke-hearts-can-400g-6006ec53dc16133633339de1,Staffords Artichoke Hearts 400g listed but no price shown
hoisin,Thai Choice Hoisin Sauce 340g,340,69.99,,similar,https://www.checkers.co.za/All-Departments/Food/Food-Cupboard/Table-Condiments-and-Dressings/Chilli-and-Hot-Sauces/Thai-Choice-Hoisin-Sauce-340g/p/10640195EA,Bigger bottle
egg_noodles,Roka Egg Noodles 250g,4.4,24.99,,similar,https://www.checkers.co.za/product/roka-egg-noodles-250g-10419684EA,Not wholewheat; ~4 nests per 250 g; price from an older listing
rice_vinegar,SAFARI Rice Vinegar 375ml,375,44.99,,similar,https://www.checkers.co.za/product/safari-rice-vinegar-375ml-10172978EA,Bigger bottle
pickled_ginger,,,,,none,https://checkers.co.za/All-Departments/Food/Food-Cupboard/Canned-Food/Canned-Vegetables/Japanese-Choice-Pickled-Sushi-Ginger-110g/p/10394381EA,Japanese Choice Pickled Sushi Ginger 110g listed but no price shown
avocado_oil,Westfalia Fruit Plain Avocado Oil 250ml,250,69.99,,same,https://www.checkers.co.za/product/westfalia-fruit-plain-avocado-oil-250ml-10209971EA,
buttermilk,LANCEWOOD Cultured Full Cream Buttermilk 500ml,500,21.99,,similar,https://www.checkers.co.za/product/lancewood-cultured-full-cream-buttermilk-500ml-10706984EA,Full cream (no low-fat 500 ml found)
plain_yoghurt,Crystal Valley Plain Double Cream Yoghurt 500g,500,24.99,,similar,https://www.checkers.co.za/product/crystal-valley-plain-double-cream-yoghurt-500g-10644891EA,Double cream
baby_marrows,Baby Marrows 400g,400,34.99,,same,https://www.checkers.co.za/product/baby-marrows-400g-10151507EA,
baby_spinach,Baby Spinach Bag 200g,200,34.99,,same,https://www.checkers.co.za/All-Departments/Food/Fresh-Food/Fresh-Vegetables/Spinach,-Cabbages-and-Greens/Baby-Spinach-Bag-200g/p/10456707EA,
cream_crackers,Bakers Cream Crackers 200g,24,29.99,,same,https://www.checkers.co.za/product/bakers-cream-crackers-200g-10393138EA,Another listing shows R31.99
baking_powder,The Kitchen Baking Powder 200g,200,26.99,,similar,,Bigger pack; no 100 g with a price found
pesto,Goldcrest Basil Pesto 140g,140,49.99,,same,https://www.checkers.co.za/product/goldcrest-basil-pesto-140g-10539107EA,Another listing shows R56.99
beef_shin,Bone In Beef Shin (per kg),600,83.99,,same,https://www.checkers.co.za/product/bone-in-beef-shin-per-kg-10151671KG,Sold by weight at R139.99/kg; priced for 600 g
beef_stock_powder,Knorrox Beef Flavoured Stock Powder 100g,100,17.99,,similar,https://www.checkers.co.za/All-Departments/Food/Food-Cupboard/Cooking-Ingredients/Soups-and-Stocks/Knorrox-Beef-Flavoured-Stock-Powder-100g/p/10769009EA,Smaller pack
beetroot,Beetroot Bag 1kg,1000,16.99,,similar,https://www.checkers.co.za/All-Departments/Food/Fresh-Food/Fresh-Salad,-Herbs-and-Dip/Spring-Onions,-Radish-and-Beetroot/Beetroot-Bag-1kg/p/10151419EA,Bigger bag
bovril,Bovril Meat and Vegetable Extract 125g,125,42.99,,same,https://www.checkers.co.za/product/bovril-beefy-meat-and-vegetable-extract-125g-10124383EA,One listing shows R39.99
mixed_seeds,Health Connection Wholefoods Ultimate Seed Mix 250g,250,64.99,,same,https://www.checkers.co.za/product/health-connection-wholefoods-ultimate-seed-mix-250g-10201149EA,
brinjals,Brinjal (per kg),1000,29.99,,same,https://www.checkers.co.za/All-Departments/Food/Fresh-Food/Fresh-Vegetables/Courgettes,-Aubergines-and-Squash/Brinjal-Per-kg/p/10151622KG,Sold by weight; not stocked at every store
brown_onion_thickener,Knorr Brown Onion Thickening Soup 50g,1,7.99,,same,https://www.checkers.co.za/product/knorr-brown-onion-thickening-soup-50g-10146372EA,The Knorr soup the recipe asks for
brussels,Brussel Sprouts 300g,1,49.99,,same,https://www.checkers.co.za/product/brussel-sprouts-300g-10151815EA,Listings range R39.99–R52.99
bulgur,,,,,none,https://www.checkers.co.za/product/natures-choice-bulgar-wheat-500g-697224c0a25bafd4afa97e18,Nature's Choice Bulgar Wheat 500g listed but no price shown
pumpkin,Pumpkin Cubes 500g,500,26.99,,similar,https://www.checkers.co.za/All-Departments/Food/Frozen-Food/Frozen-Vegetables/Frozen-Carrots,-Pumpkin-and-Butternut/Pumpkin-Cubes-500g/p/10145412EA,Peeled cubes; smaller pack
slaw,Freshmark Coleslaw 350g,1,19.99,,same,https://www.checkers.co.za/product/coleslaw-350g-10145409EA,
butter_chicken_sauce,Exotic Taste Butter Chicken Cooking Sauce 400g,1,59.99,,same,,From the Cook-In Sauces listing
butternut,Butternut (per kg),1,17.99,,same,https://www.checkers.co.za/All-Departments/Food/Fresh-Food/Fresh-Vegetables/Courgettes,-Aubergines-and-Squash/Butternut-Per-kg/p/10707013KG,Sold by weight at R19.99/kg; priced for a 900 g butternut
milk_choc,Cadbury Dairy Milk Milk Chocolate Slab 80g,80,24.99,,same,https://www.checkers.co.za/product/cadbury-dairy-milk-milk-chocolate-slab-80g-10398825EA,
cadbury,Cadbury Dairy Milk Chocolate Slab 150g,150,49.99,,same,https://www.checkers.co.za/product/cadbury-dairy-milk-chocolate-slab-150g-10398830EA,
cake_flour,Golden Cloud Cake Wheat Flour 1kg,1000,19.99,,same,https://www.checkers.co.za/All-Departments/Food/Food-Cupboard/Baking/Flour/Golden-Cloud-Cake-Wheat-Flour-1kg/p/10137557EA,
canola_oil,Flowergold Pure Canola Oil 750ml,750,39.99,,same,https://www.checkers.co.za/product/flowergold-pure-canola-oil-750ml-10729280EA,
carrot_muffin,The Bakery Carrot & Apple Muffins 4 Pack,4,49.99,,similar,,Carrot & apple; from a related-products listing
celery,Table Celery 350g,9,26.99,,same,https://products.checkers.co.za/All-Departments/Food/Fresh-Food/Fresh-Salad,-Herbs-and-Dip/Celery-and-Fennel/Table-Celery-350g/p/10151617EA,~9 sticks per 350 g
goats_cheese,Fairview Chevin Traditional Soft Goat Cheese 100g,100,59.99,,same,https://www.checkers.co.za/product/fairview-chevin-traditional-full-fat-soft-goat-cheese-100g-10127197EA,One listing shows R49.99 on promotion
chia,Health Connection Wholefoods Chia Seeds 200g,200,94.99,,similar,https://www.checkers.co.za/All-Departments/Food/Food-Cupboard/Biltong,-Dried-Fruit,-Nuts-and-Seeds/Seeds/Health-Connection-Wholefoods-Chia-Seeds-200g/p/10490782EA,Smaller pack; cheaper per gram than the 250 g (R154.99)
chicken_sauce_powder,Knorr Cream Of Chicken Soup 50g,1,6.99,,same,https://www.checkers.co.za/product/knorr-cream-of-chicken-soup-50g-10140647EA,The cream of chicken soup the recipe asks for
chicken_thighs_drums,Farmer's Choice Fresh Thighs & Drumsticks 8 Piece (per kg),1,71.99,,same,https://www.checkers.co.za/product/farmers-choice-fresh-thighs-and-drumsticks-chicken-8-piece-per-kg-10732971KG,Sold by weight at R79.99/kg; priced for 900 g
chicken_breast_fillets,Chicken Breast Fillet (per kg),450,40.50,,same,https://www.checkers.co.za/product/chicken-breast-fillet-500g-700g-10152214KG,Sold by weight at R89.99/kg in 500–700 g packs; priced per gram
chicken_stock_tubs,Knorr Chicken Stock Pot 4 x 28g,4,39.99,,same,,From a related-products listing
dried_chickpeas,Health Connection Wholefoods Chickpeas 500g,500,54.99,,same,https://www.checkers.co.za/All-Departments/Food/Fresh-Food/Fresh-Vegetables/Peas%2C-Beans%2C-Sweetcorn-and-Asparagus/Health-Connection-Wholefoods-Chickpeas-500g/p/10418376EA,
chickpeas_tin,Pot O' Gold Chickpeas in Brine 400g,1,21.99,,same,https://www.checkers.co.za/product/pot-o-gold-chickpeas-in-brine-400g-10219496EA,
chilli_oil,Spice Chilli Crisp Oil 125ml,125,89.99,,similar,https://www.checkers.co.za/product/spice-chilli-crisp-oil-125ml-10930845EA,
chilli_powder,Spice Mecca Chilli Powder 100g,100,29.99,,similar,,Bigger pack
chopped_spinach,Pot O' Gold Frozen Chopped Spinach 1kg,1000,44.99,,similar,https://www.checkers.co.za/product/pot-o-gold-frozen-chopped-spinach-1kg-10627866EA,Frozen; bigger bag
capers,Mayfair Capers in Vinegar 100g,100,29.99,,same,https://www.checkers.co.za/All-Departments/Food/Food-Cupboard/Olives,-Gherkins-and-Pickles/Atchar-and-Pickles/Mayfair-Capers-in-Vinegar-100g/p/10147538EA,One listing shows R26.99
english_mustard,Colman's Original Hot English Mustard 168g,168,49.99,,same,https://www.checkers.co.za/product/colmans-original-hot-english-mustard-168g-10157518EA,
mayonnaise,Crosse & Blackwell Tangy Mayonnaise 750g,750,49.99,,same,https://www.checkers.co.za/product/crosse-and-blackwell-tangy-mayonnaise-750g-10128012EA,
desiccated_coconut,Imbo Medium Desiccated Coconut 200g,200,27.99,,same,https://www.checkers.co.za/All-Departments/Food/Food-Cupboard/Baking/Icing-and-Decorating/Imbo-Medium-Desiccated-Coconut-200g/p/10138300EA,
bacon,Eskort Raw Lean Diced Bacon 200g,200,32.99,,similar,https://www.checkers.co.za/All-Departments/Food/Fresh-Food/Fresh-Meat-and-Poultry/Fresh-Bacon-and-Gammon/Eskort-Raw-Lean-Diced-Bacon-200g/p/10471404EA,Smaller pack
dijon,Maille Dijon Originale Mustard 215g,215,69.99,,same,https://www.checkers.co.za/product/maille-dijon-originale-mustard-215g-10128897EA,
strawberry_yoghurt,Lancewood Strawberries & Cream Double Cream Yoghurt 1kg,1,59.99,,same,https://www.checkers.co.za/product/lancewood-strawberries-and-cream-flavoured-double-cream-yoghurt-no-sugar-added-1kg-10717273EA,The Lancewood yoghurt the recipe asks for; R51.99 at some stores
olive_oil_spray,B-well Olive Oil Cooking Spray 300ml,300,64.99,,same,https://www.checkers.co.za/product/b-well-olive-oil-cooking-spray-300ml-10687325EA,
easter_eggs,Mister Sweet Speckled Eggs 50g,50,21.99,,similar,https://products.checkers.co.za/All-Departments/Food/Food-Cupboard/Chocolates-and-Sweets/Chocolates-and-Sweet-Party-Packs/Mister-Sweet-Speckled-Eggs-50g-/p/10243801EA,
fresh_chicken_soup,Platinum Heat and Eat Creamy Chicken Soup 600g,1,54.99,,similar,https://www.checkers.co.za/All-Departments/Food/Fresh-Food/Ready-Meals/Soups/Platinum-Heat-And-Eat-Creamy-Chicken-Soup-600g/p/10741503EA,Creamy chicken
cinnamon,Hinds Cinnamon Spice 40g,40,13.99,,same,https://www.checkers.co.za/All-Departments/Food/Food-Cupboard/Cooking-Ingredients/Spices/Hinds-Cinnamon-Spice-40g/p/10727382EA,
meatballs,,,,,none,,No beef frikkadel/meatball pack with a price found
beef_strips,Stir Fry Beef (per kg),500,84.99,,similar,https://www.checkers.co.za/product/stir-fry-beef-per-kg-10152538KG,Sold by weight at R169.99/kg; priced for 500 g
chicken_portions,Simple Truth Free-Range Fresh Chicken 12 Piece (per kg),1,143.99,,same,https://www.checkers.co.za/All-Departments/Food/Fresh-Food/Fresh-Meat-and-Poultry/Fresh-Chicken/Simple-Truth-Free-Range-Fresh-Chicken-12-Piece-Per-kg/p/10766866KG,Sold by weight at R119.99/kg; priced for 1.2 kg
chicken_thighs,Simple Truth Free-Range Chicken Thighs (per kg),1,67.50,,same,https://www.checkers.co.za/product/simple-truth-free-range-chicken-thighs-per-kg-10718845KG,Sold by weight at R134.99/kg; priced for 500 g
lamb_frikkadels,,,,,none,,No lamb frikkadels found
chicken_thigh_fillets,Farmer's Choice Deboned & Skinless Chicken Thighs (per kg),800,99.99,,similar,https://www.checkers.co.za/product/farmers-choice-fresh-deboned-and-skinless-chicken-thighs-per-kg-10732970KG,Not free range; R124.99/kg priced for 800 g
basil,Basil Pack 40g,1,16.99,,same,https://www.checkers.co.za/All-Departments/Food/Fresh-Food/Fresh-Salad,-Herbs-and-Dip/Fresh-Herbs/Basil-Pack-40g/p/10420770EA,
bay_leaves,Spice Season Bay Leaves 9.5g,1,16.99,,similar,https://www.checkers.co.za/All-Departments/Food/Food-Cupboard/Cooking-Ingredients/Dried-Herbs/Spice-Season-Bay-Leaves-9-5g/p/10461387EA,Dried
roti,Spice Plain White Roti 5 Pack,5,49.99,,similar,https://www.checkers.co.za/product/spice-plain-white-roti-5-pack-10852130EA,Plain (not butter) rotis; 5 per pack
chives,French Chives Bag 20g,1,12.99,,same,https://www.checkers.co.za/All-Departments/Food/Fresh-Food/Fresh-Salad%2C-Herbs-and-Dip/Fresh-Herbs/French-Chives-Bag-20g/p/10158602EA,
coriander,Coriander 20g,1,14.99,,similar,https://www.checkers.co.za/product/coriander-20g-10147555EA,20 g bag (Woolworths punnet is 30 g)
ginger,Crushed Garlic & Ginger 100g,100,14.99,19.99,similar,https://www.checkers.co.za/product/crushed-garlic-and-ginger-100g-10145805EA,Garlic and ginger mix; no plain crushed ginger found
beef_stock_liquid,,,,,none,,No ready-to-use liquid beef stock found (only concentrates)
veg_stock,,,,,none,,No ready-to-use liquid vegetable stock found (only concentrates)
mint,Mint 20g,1,14.99,,same,https://www.checkers.co.za/product/mint-20g-10147491EA,
parsley,Italian Parsley 20g,1,14.99,,similar,https://www.checkers.co.za/All-Departments/Food/Fresh-Food/Fresh-Salad%2C-Herbs-and-Dip/Fresh-Herbs/Italian-Parsley-20g/p/10163225EA,20 g bag (Woolworths punnet is 30 g)
rosemary,Rosemary 20g,1,12.99,,same,https://www.checkers.co.za/product/rosemary-20g-10147493EA,
thyme,Thyme Herb Bag 20g,1,12.99,,same,https://www.checkers.co.za/All-Departments/Food/Fresh-Food/Fresh-Salad,-Herbs-and-Dip/Fresh-Herbs/Thyme-Herb-Bag-20g/p/10147475EA,
garlic,Freshmark Peeled Garlic Cloves 50g,10,26.99,,same,https://www.checkers.co.za/product/peeled-garlic-cloves-50g-10889321EA,
sage,Sage Bag 20g,1,11.99,,same,https://www.checkers.co.za/All-Departments/Food/Fresh-Food/Fresh-Vegetables/Fresh-Chillies,-Herbs,-Garlic-and-Ginger/Sage-Bag-20g/p/10147494EA,
rocket,Freshmark Wild Rocket 40g,1,19.99,,same,https://www.checkers.co.za/All-Departments/Food/Fresh-Food/Fresh-Salad,-Herbs-and-Dip/Lettuce-and-Salad-Bags/Wild-Rocket-40g-/p/10536824EA,
frozen_veg,Harvestime Frozen Gourmet Peas Carrots & Corn 750g,750,44.99,59.99,similar,https://www.checkers.co.za/product/mccain-frozen-peas-carrots-and-sweet-corn-mix-750g-10714255EA,Includes carrots
haddock,I&J Frozen Oak Smoked Haddock Medallions 450g,450,99.99,,same,https://www.checkers.co.za/product/i-and-j-frozen-oak-smoked-haddock-medallions-450g-10514480EA,Other listings R114.99–R134.99
peas,McCain Frozen Young & Tender Green Baby Peas 500g,500,46.99,,same,https://www.checkers.co.za/product/mccain-frozen-young-and-tender-green-baby-peas-500g-10705340EA,
filo,Mediterranean Delicacies Frozen Phyllo Pastry 500g,500,59.99,,same,https://www.checkers.co.za/All-Departments/Food/Frozen-Food/Frozen-Fruit-and-Pastry/Frozen-Pastry-and-Bakery/Mediterranean-Delicacies-Frozen-Phyllo-Pastry-500g/p/10195189EA,
puff_pastry,Checkers Housebrand Frozen Puff Pastry 400g,1,26.99,,same,https://www.checkers.co.za/product/checkers-housebrand-frozen-puff-pastry-400g-10458991EA,
hot_cross_buns,The Bakery Fruit Free Hot Cross Buns 6 Pack,6,29.99,,same,https://www.checkers.co.za/All-Departments/Food/Bakery/Croissants,-Scones-and-Pastries/Hot-Cross-Buns/The-Bakery-Fruit-Free-Hot-Cross-Buns-6-Pack/p/10834260EA,Seasonal
grains_90s,Simple Truth Plant-Based 7 Ancient Grains 250g,1,39.99,,same,https://www.checkers.co.za/product/simple-truth-plant-based-7-ancient-grains-250g-10676259EA,Heat-and-eat grains with lentils and quinoa
coconut_rice,,,,,none,,No ready-cooked coconut rice pouch found
honey,Fleures Honey 250g,250,44.99,,similar,,Not fynbos honey (Checkers' fynbos honey is 340 g at R89.99)
garam_masala,Osman's Taj Mahal Extra Special Garum Masala 100g,100,25.99,,same,https://www.checkers.co.za/product/osmans-taj-mahal-extra-special-garum-masala-100g-602b93ce53c61418474124a0,
gem_squash,Gem Squash Halves 6s,6,29.99,,same,https://www.checkers.co.za/product/gem-squash-halves-6s-10146418EA,
german_mustard,Colman's Mild American Mustard 167g,167,49.99,,same,https://www.checkers.co.za/product/colmans-mild-american-mustard-167g-10157520EA,The American mustard the recipe asks for
apples,Golden Delicious Apples Bag 1.5kg,10,34.99,,similar,https://www.checkers.co.za/All-Departments/Food/Fresh-Food/Fresh-Fruit/Apples-and-Pears/Golden-Delicious-Apples-Bag-1-5kg/p/10603695EA,~10 apples per 1.5 kg bag
green_apples,Granny Smith Apples 1.5kg,10,32.99,,similar,,~10 apples per 1.5 kg bag
cheddar_grated,Parmalat Grated Cheddar Cheese 250g,250,59.99,72.99,same,https://www.checkers.co.za/product/parmalat-grated-cheddar-cheese-pack-250g-10131477EA,On promotion when checked
mozzarella,Parmalat Grated Mozzarella Cheese 250g,250,64.99,,same,https://www.checkers.co.za/All-Departments/Food/Fresh-Food/Cheese/Grated-and-Sliced-Cheese/Parmalat-Grated-Mozzarella-Cheese-Pack-250g/p/10498500EA,
allspice,,,,,none,https://www.checkers.co.za/product/spice-mecca-all-spice-pimento-25g-643d11c28a2aa9116d9707da,Spice Mecca All Spice 25g listed but no price shown
cumin,Robertsons Ground Cumin 39g,39,44.99,,similar,https://www.checkers.co.za/All-Departments/Food/Food-Cupboard/Cooking-Ingredients/Spices/Robertsons-Ground-Cumin-39g/p/10165572EA,Smaller pack
bread,Albany Everyday Brown Bread 700g,20,16.99,,same,https://www.checkers.co.za/All-Departments/Food/Bakery/Bread-and-Rolls/Brown-and-Wholemeal-Bread/Albany-Everyday-Brown-Bread-Loaf-700g/p/10351328EA,High fibre
chilli,Mixed Chillies 150g,25,19.99,,similar,https://www.checkers.co.za/product/mixed-chillies-150g-10689217EA,Mixed varieties; ~25 chillies per pack
chardonnay,BC Wines Chardonnay 750ml,750,49.99,,same,https://products.checkers.co.za/c-2365/All-Departments/Drinks/Wine/White-Wine/Chardonnay,
white_wine,BC Wines Sauvignon Blanc 750ml,750,52.99,,same,https://www.checkers.co.za/product/bc-wines-sauvignon-blanc-white-wine-bottle-750ml-10452201EA,
italian_herbs,Robertsons Italian Herbs Dry Herbs Refill 15g,15,22.99,,same,https://www.checkers.co.za/All-Departments/Food/Food-Cupboard/Cooking-Ingredients/Dried-Herbs/Robertsons-Italian-Herbs-Dry-Herbs-Refill-15g/p/10256605EA,
tomato_puree,Monteverde Passata Sauce 700g,700,34.99,39.99,similar,,Passata; on promotion when checked
oats,Jungle Oats 1kg,1000,36.99,46.99,same,https://www.checkers.co.za/product/jungle-oats-1kg-10129974EA,On promotion until 11 Oct 2026
all_bran,Kellogg's All Bran Cereal Flakes 500g,500,64.99,,same,https://www.checkers.co.za/product/kelloggs-all-bran-cereal-flakes-500g-10127229EA,
corn_flakes,Kellogg's Corn Flakes Cereal 500g,500,54.99,,same,https://www.checkers.co.za/product/corn-flakes-cereal-500g-10127228EA,
soy_sauce,Kikkoman Less Sodium Soy Sauce 148ml,148,104.99,,same,https://www.checkers.co.za/All-Departments/Food/Food-Cupboard/Table-Condiments-and-Dressings/Brown-Sauces/Kikkoman-Less-Sodium-Soy-Sauce-148ml/p/10186428EA,Another listing shows R119.99
corn_tin,KOO Whole Kernel Sweetcorn in Brine 410g,1,23.99,,same,https://www.checkers.co.za/All-Departments/Food/Food-Cupboard/Canned-Food/Canned-Vegetables/KOO-Veggies-Whole-Kernel-Sweetcorn-in-Brine-410g-/p/10137341EA,
potatoes,Chips Potatoes Bag 2kg,2000,49.99,,same,https://www.checkers.co.za/All-Departments/Food/Fresh-Food/Fresh-Vegetables/Potatoes-and-Sweet-Potatoes/Chips-Potatoes-Bag-2kg/p/10208924EA,One listing shows R39.99
lemons,Lemons 800g,8,24.99,,similar,https://www.checkers.co.za/product/lemons-800g-10145551EA,~8 lemons per bag
lentils_tin,Pot O' Gold Lentils in Tomato Flavoured Brine 400g,1,19.99,,same,https://www.checkers.co.za/All-Departments/Food/Food-Cupboard/Canned-Food/Canned-Vegetables/Pot-O'-Gold-Lentils-in-Tomato-Flavoured-Brine-400g/p/10243605EA,
brown_sugar,Selati Golden Brown Sugar 1kg,1000,35.99,,same,https://www.checkers.co.za/All-Departments/Food/Food-Cupboard/Sugar-and-Sweeteners/Brown,-Caramel-and-Treacle-Sugar/Selati-Golden-Brown-Sugar-1kg/p/10133295EA,
tuna,Checkers Housebrand Light Meat Shredded Tuna in Water 170g,1,22.99,,same,https://www.checkers.co.za/product/checkers-housebrand-light-meat-shredded-tuna-in-water-170g-10165121EA,In water rather than brine
milk,Checkers Housebrand Long Life Full Cream Milk 1L,1000,17.99,,same,https://www.checkers.co.za/product/checkers-housebrand-long-life-full-cream-milk-1l-10156094EA,
low_fat_milk,Checkers Housebrand Long Life Low Fat Milk 1L,1000,17.99,,same,https://www.checkers.co.za/product/checkers-housebrand-long-life-low-fat-milk-1l-10156114EA,
biscoff,Lotus Biscoff Cookies 93g (6 x 2),12,24.99,,same,https://www.checkers.co.za/All-Departments/Food/Food-Cupboard/Biscuits,-Cookies-and-Cereal-Bars/Cookies/Lotus-Biscoff-Cookies-93g/p/10812251EA,
steak_sauce,HP Original Sauce 255g,255,39.99,53.99,same,https://www.checkers.co.za/All-Departments/Food/Food-Cupboard/Table-Condiments-and-Dressings/BBQ-Sauce-and-Marinades/HP-Original-Sauce-255g/p/10124839EA,The HP Sauce the recipe asks for; R39.99 is the Xtra Savings card price
corn_starch,Snowflake Corn Flour 500g,500,34.99,,same,https://www.checkers.co.za/product/snowflake-corn-flour-500g-10627618EA,Maizena 500 g is R41.99
med_cook_in,Rhodes Quality Mediterranean Style Tomatoes 400g,1,29.99,,similar,https://www.checkers.co.za/product/rhodes-quality-italian-style-tomatoes-410g-10232998EA,Seasoned tinned tomatoes rather than a cook-in sauce
carrots,Large Carrots 1kg,1000,16.99,,similar,https://www.checkers.co.za/product/large-carrots-1kg-10641732EA,Bigger bag
rotisserie_chicken,Salt & Pepper Grilled Whole Chicken,1,89.99,,same,https://www.checkers.co.za/product/salt-and-pepper-grilled-whole-chicken-10895621EA,
salsa,Santa Anna's Mild Tomato & Red Pepper Salsa 375g,375,74.99,,same,https://www.checkers.co.za/All-Departments/Food/Food-Cupboard/Table-Condiments-and-Dressings/Chutney-and-Relishes/Santa-Anna's-Mild-Tomato-and-Red-Pepper-Salsa-375g/p/10758461EA,
salad_leaves,Mixed Leaf Salad Bag 200g,1,29.99,,same,https://www.checkers.co.za/All-Departments/Food/Fresh-Food/Fresh-Salad,-Herbs-and-Dip/Lettuce-and-Salad-Bags/Mixed-Leaf-Salad-Bag-200g/p/10145543EA,
mixed_spice,Spice Season Mixed Spice Shaker 38g,38,24.99,,same,,From a related-products listing
moroccan_soup,,,,,none,,No Moroccan or chickpea soup found
mushroom_soup,Pot O' Gold Creamy Mushroom Soup 410g,1,24.99,,similar,,410 g tin (Woolworths is a 600 g fresh tub); from a related-products listing
evaporated_milk,Nestlé Ideal Evaporated Milk 380ml,380,39.99,,same,https://www.checkers.co.za/All-Departments/Food/Food-Cupboard/Baking/Condensed-and-Evaporated-Milk/Nestl%C3%A9-Ideal-Evaporated-Milk-380ml/p/10154872EA,
smarties,Nestlé Smarties Chocolate Box 70g,70,21.99,,same,https://www.checkers.co.za/product/smarties-chocolate-box-70g-10426047EA,
peanut_butter,Black Cat No Added Sugar and Salt Smooth Peanut Butter 400g,400,49.99,,same,https://www.checkers.co.za/All-Departments/Food/Food-Cupboard/Spreads%2C-Honey-and-Preserves/Peanut-and-Nut-Butters/Black-Cat-No-Added-Sugar-and-Salt-Smooth-Peanut-Butter-400g/p/10167225EA,Sometimes on promotion at R36.99
smoked_salmon,Forage And Feast Cold Smoked Norwegian Salmon Ribbons 100g,100,199.99,,similar,https://www.checkers.co.za/All-Departments/Food/Fresh-Food/Fresh-Fish-and-Seafood/Smoked-Fish/Forage-And-Feast-Cold-Smoked-Norwegian-Salmon-Ribbons-100g/p/10781937EA,Bigger pack
oregano,Robertsons Ground Origanum 12g,12,29.99,,same,https://www.checkers.co.za/product/robertsons-ground-origanum-12g-10128866EA,
bananas,Bananas 1.2kg,8,34.99,,similar,https://products.checkers.co.za/All-Departments/Food/Fresh-Food/Fresh-Fruit/Bananas/Bananas-1-2kg/p/10147193EA,~8 bananas per bunch; not organic
berries,Blueberries 125g,125,39.99,,same,,From a related-products listing
cottage_cheese,Crystal Valley Plain Smooth Creamed Cottage Cheese 250g,250,42.99,,same,https://www.checkers.co.za/product/crystal-valley-plain-smooth-creamed-cottage-cheese-250g-10365959EA,
sesame_oil,Lemcke Organic Sesame Cooking Oil 250ml,250,119.99,,same,https://www.checkers.co.za/product/lemcke-organic-sesame-cooking-oil-250ml-6123741f4fa3f7b4787d4c8e,
orzo,,,,,none,https://www.checkers.co.za/All-Departments/Food/Food-Cupboard/Rice,-Pasta,-Noodles-and-Cous-Cous/Pasta/Orexa-Orzo-Pasta-500g/p/10739137EA,Orexa Orzo 500g listed but no price shown
pears_tin,KOO Pear Halves in Syrup 410g,1,34.99,,similar,https://www.checkers.co.za/All-Departments/Food/Food-Cupboard/Canned-Food/Canned-Fruit/KOO-Pear-Halves-in-Syrup-410g/p/10126823EA,In syrup rather than fruit juice
pecans,Padkos Raw Pecan Nuts 100g,100,52.99,,same,https://www.checkers.co.za/product/padkos-raw-pecan-nuts-100g-10188398EA,
tinned_tomatoes,Pot O' Gold Diced Italian Tomatoes in Juice 400g,1,24.99,,same,https://products.checkers.co.za/c-821/All-Departments/Food/Food-Cupboard/Canned-Food/Canned-Tomatoes-and-Puree,
iceberg,Freshmark Iceberg Lettuce,1,19.99,,same,https://www.checkers.co.za/product/iceberg-lettuce-10684677EA,
pickled_onions,Pickled Red Onion 90g,90,19.99,,same,,From a related-products listing
green_olives,Santa Bianca Pitted Green Olives 195g,195,15.99,,same,https://www.checkers.co.za/product/santa-bianca-pitted-green-olives-195g-10469863EA,
dates,Pitted Medjool Dates 150g,8,39.99,,same,https://www.checkers.co.za/product/pitted-medjool-dates-150g-10900280EA,
balsamic_glaze,Forage And Feast Original Balsamic Glaze 150ml,150,59.99,,same,https://www.checkers.co.za/All-Departments/Food/Food-Cupboard/Table-Condiments-and-Dressings/Balsamic-Vinegar/Forage-And-Feast-Original-Balsamic-Glaze-150ml/p/10779454EA,
cream_cheese,Farm Hill Dairy Plain Full Fat Cream Cheese 250g,250,69.99,,similar,,Full fat; from a related-products listing
feta,Fairview Feta Cheese 100g,100,23.99,,same,https://www.checkers.co.za/All-Departments/Food/Fresh-Food/Cheese/Feta-and-Goats-Cheese/Fairview-Feta-Cheese-Pack-100g/p/10257665EA,Buy 3 for R65
pomegranate,Pomegranate 80g,80,29.99,,similar,https://www.checkers.co.za/All-Departments/Food/Fresh-Food/Fresh-Fruit/Mango,-Kiwi-and-Exotic-Fruit/Pomegranate-80g/p/10233775EA,Smaller pack of kernels
pork_fillet,Farmstead Pork Fillet (per kg),1,39.99,,same,https://www.checkers.co.za/product/farmstead-pork-fillet-per-kg-10151958KG,Sold by weight at R99.99/kg; priced for 400 g
pork_sausages,Eskort Frozen Gold Medal Pork Sausages 375g,1,79.99,,similar,https://www.checkers.co.za/product/eskort-frozen-gold-medal-pork-sausages-375g-10154326EA,12 sausages; frozen
portabello,Portabelini Mushrooms 250g,3,36.99,,similar,https://www.checkers.co.za/product/portabelini-mushrooms-250g-10411769EA,Smaller brown mushrooms (no large portabellos found); ~3 portabello-sized servings per pack
olive_oil,Santa Bianca Extra Virgin Olive Oil 250ml,250,79.99,,same,https://www.checkers.co.za/product/santa-bianca-extra-virgin-olive-oil-250ml-10243782EA,
pumpkin_seeds,Padkos Raw Pumpkin Seeds 100g,100,24.99,,similar,https://www.checkers.co.za/All-Departments/Food/Food-Cupboard/Biltong,-Dried-Fruit,-Nuts-and-Seeds/Seeds/Padkos-Pumpkin-Seeds-100g/p/10165848EA,Smaller pack
flaked_almonds,SAFARI Flaked Almonds 100g,100,54.99,,same,https://www.checkers.co.za/All-Departments/Food/Food-Cupboard/Biltong,-Dried-Fruit,-Nuts-and-Seeds/Plain-Nuts/SAFARI-Flaked-Almonds-100g/p/10163712EA,
mixed_nuts,Padkos Raw Mixed Nuts 100g,100,42.99,,same,https://www.checkers.co.za/product/padkos-raw-mixed-nuts-100g-10524518EA,
pistachios,Padkos Raw Pistachio Nuts 100g,100,79.99,,same,https://www.checkers.co.za/product/padkos-raw-pistachio-nuts-100g-10668715EA,
kidney_beans,Pot O' Gold Red Kidney Beans in Brine 400g,1,23.99,,same,https://www.checkers.co.za/All-Departments/Food/Food-Cupboard/Canned-Food/Canned-Pulses,-Lentils-and-Beans/Pot-O'-Gold-Red-Kidney-Beans-In-Brine-400g/p/10204712EA,
coconut_milk_lite,Pot O' Gold Lite Coconut Milk 400ml,400,24.99,,same,https://www.checkers.co.za/All-Departments/Food/Food-Cupboard/Canned-Food/Canned-Coconut-Milk-and-Cream/Pot-O'-Gold-Lite-Coconut-Milk-400ml/p/10247831EA,
red_onions,Red Onions Bag 1kg,1000,44.99,,same,https://www.checkers.co.za/All-Departments/Food/Fresh-Food/Fresh-Vegetables/Onions-and-Leeks/Red-Onions-Bag-1kg/p/10135703EA,
avocado,Avocado Ripe & Ready (single),1,17.99,,same,https://www.checkers.co.za/product/avocado-ripe-and-ready-10151601EA,
rosa_200,Baby Plum Tomatoes 250g,1.25,39.99,,similar,https://www.checkers.co.za/product/baby-plum-tomatoes-250g-10145423EA,No Rosa tomatoes listed; baby plum 250 g used (1.25 Rosa punnets by weight)
rosa_400,Baby Plum Tomatoes 2 x 250g,1.25,79.98,,similar,https://www.checkers.co.za/product/baby-plum-tomatoes-250g-10145423EA,No Rosa tomatoes listed; priced as two 250 g punnets of baby plum tomatoes (1.25 Rosa punnets by weight)
rosa_600,Baby Plum Tomatoes 3 x 250g,1.25,119.97,,similar,https://www.checkers.co.za/product/baby-plum-tomatoes-250g-10145423EA,No Rosa tomatoes listed; priced as three 250 g punnets of baby plum tomatoes (1.25 Rosa punnets by weight)
pretzels,Truda Deliciously Salted Pretzels 240g,240,32.99,,similar,https://www.checkers.co.za/product/truda-deliciously-salted-pretzels-240g-10864451EA,Bigger bag
sardines,Mayfair Sardines In Vegetable Oil 120g,1,32.99,,same,https://www.checkers.co.za/All-Departments/Food/Food-Cupboard/Canned-Food/Canned-Fish-and-Seafood/Mayfair-Sardines-In-Vegetable-Oil-With-Salt-120g/p/10748902EA,
popcorn,Jumpin Jack Salted Gourmet Popcorn 90g,90,26.99,,similar,https://www.checkers.co.za/product/jumpin-jack-salted-gourmet-popcorn-90g-10125439EA,Not air-popped
self_raising_flour,Snowflake Self Raising Wheat Flour 1kg,1000,24.99,,same,https://www.checkers.co.za/product/snowflake-self-raising-wheat-flour-1kg-10137605EA,
butter,Parmalat Salted Butter 500g,500,74.99,,similar,https://www.checkers.co.za/product/parmalat-salted-butter-500g-10856203EA,Bigger brick (no 250 g salted butter with a price found)
edamame,Freshmark Shelled Edamame Beans 200g,200,49.99,,same,https://www.checkers.co.za/product/shelled-edamame-beans-200g-10671594EA,
red_pepper,Loose Red Pepper (per kg),1,14.38,,same,https://www.checkers.co.za/product/loose-red-pepper-per-kg-10144972KG,Sold by weight at R89.90/kg; priced for a 160 g pepper
yellow_pepper,Loose Yellow Pepper (per kg),1,11.18,,same,https://www.checkers.co.za/All-Departments/Food/Fresh-Food/Fresh-Salad,-Herbs-and-Dip/Peppers/Loose-Yellow-Pepper-Per-kg/p/10144975KG,Sold by weight at R69.90/kg; priced for a 160 g pepper
cooked_chicken_breast,Feinschmecker Smoked Chicken Breast (per kg),300,74.97,,similar,,Smoked; R249.90/kg priced for 300 g
sliced_mushrooms,Sliced White Button Mushrooms 250g,1,36.99,,same,https://www.checkers.co.za/product/sliced-white-button-mushrooms-250g-10411765EA,
tomatoes,Tomatoes 4 Pack,4,21.99,,same,https://www.checkers.co.za/product/tomatoes-4s-10158226EA,Listings range R16.99–R29.99
salami,Farmer's Deli Italian Style Salami 100g,100,54.99,,same,https://www.checkers.co.za/All-Departments/Food/Fresh-Food/Cooked-Meats,-Sandwich-Fillers-and-Deli/Chorizo,-Salami-and-Continental-Meats/Farmer's-Deli-Italian-Style-Salami-100g/p/10537015EA,
onions,Brown Onions Bag 1kg,1000,34.99,,same,https://www.checkers.co.za/All-Departments/Food/Fresh-Food/Fresh-Vegetables/Onions-and-Leeks/Brown-Onions-Bag-1kg/p/10135699EA,
eggs,Simple Truth Extra Large Free-Range Eggs 6 Pack,6,34.99,,same,https://www.checkers.co.za/All-Departments/Food/Fresh-Food/Milk,-Butter-and-Eggs/Eggs/Simple-Truth-Extra-Large-Free-Range-Eggs-6-Pack/p/10720824EA,Extra large
lean_mince,Lean Beef Mince (per kg),500,69.99,,same,https://www.checkers.co.za/product/lean-beef-mince-300g-500g-10152009KG,Sold by weight at R139.99/kg; max 10% fat
chutney,Mrs H.S. Ball's Original Chutney 470g,470,44.99,,same,https://www.checkers.co.za/product/mrs-hs-balls-chutney-original-chutney-470g-10140349EA,
bicarb,Robertsons Bicarbonate of Soda 100g,100,12.99,,similar,https://www.checkers.co.za/product/robertsons-bicarbonate-of-soda-100g-10364949EA,Smaller pack
ww_fusilli,M.G. Pasta Whole Wheat Fusilli 500g,500,29.99,,same,https://products.checkers.co.za/All-Departments/Food/Food-Cupboard/Rice,-Pasta,-Noodles-and-Cous-Cous/Pasta/M-G-Pasta-Whole-Wheat-Fusilli-500g/p/10180768EA,
lemon_olive_oil,Willow Creek Lemon Flavoured Extra Virgin Olive Oil 250ml,250,109.99,,same,https://www.checkers.co.za/product/willow-creek-lemon-flavoured-extra-virgin-olive-oil-250ml-10229145EA,
sunflower_seeds,Health Connection Wholefoods Sunflower Seeds 250g,250,54.99,,same,https://www.checkers.co.za/All-Departments/Food/Food-Cupboard/Biltong,-Dried-Fruit,-Nuts-and-Seeds/Seeds/Health-Connection-Wholefoods-Sunflower-Seeds-250g/p/10201146EA,
passata,Monteverde Passata Sauce 700g,1,34.99,39.99,similar,,Bigger jar; on promotion when checked
dried_fruit,Padkos Dried Fruit Mix 500g,500,89.99,,similar,https://www.checkers.co.za/product/padkos-dried-fruit-mix-500g-10143979EA,
parmesan,Zandam Parmesan Cheese 60g,60,34.99,,same,https://www.checkers.co.za/All-Departments/Food/Fresh-Food/Cheese/Grated-and-Sliced-Cheese/Zandam-Parmesan-Cheese-60g/p/10336894EA,A block for grating rather than pre-grated
spring_onions,Freshmark Spring Onions 75g,1,23.99,,same,https://www.checkers.co.za/All-Departments/Food/Fresh-Food/Fresh-Vegetables/Onions-and-Leeks/Spring-Onions-Pack-75g/p/10148755EA,
corn_cobs,Sweetcorn 2s,2,19.99,,same,https://www.checkers.co.za/All-Departments/Food/Fresh-Food/Fresh-Vegetables/Peas,-Beans,-Sweetcorn-and-Asparagus/Sweetcorn-2-Pack/p/10144939EA,
curry_paste,,,,,none,,No tikka curry paste with a price found
breadcrumbs,Wheatlands Unseasoned Bread Crumbs 200g,200,15.99,,same,https://www.checkers.co.za/product/wheatlands-unseasoned-bread-crumbs-200g-10766174EA,
tomato_onion_mix,Checkers Housebrand Tomato & Onion Mix 410g,1,17.99,,same,https://www.checkers.co.za/product/checkers-housebrand-tomato-and-onion-mix-410g-10163021EA,
tomato_paste,Rhodes Tomato Paste Sachet 50g,50,6.99,,same,https://www.checkers.co.za/All-Departments/Food/Food-Cupboard/Cooking-Ingredients/Gravies,-Sauces-and-Pastes/Rhodes-Tomato-Paste-Sachet-50g/p/10351880EA,
tomato_soup,DENNY Creamy Tomato Ready To Serve Soup 400g,1,37.99,,same,,From a related-products listing
truffle_oil,,,,,none,https://www.checkers.co.za/All-Departments/Food/Food-Cupboard/Cooking-Ingredients/Cooking-Oils-and-Fats/Stonebarn-Black-Truffle-Oil-100ml/p/10800324EA,Truffle oils listed but no price shown
turmeric,Robertsons Turmeric Spice Refill 57g,57,19.99,,same,https://www.checkers.co.za/All-Departments/Food/Food-Cupboard/Cooking-Ingredients/Spices/Robertsons-Turmeric-Spice-Refill-57g/p/10125810EA,
sprinkles,Trumps 100's & 1000's Decorative Sprinkles 75g,75,24.99,,similar,https://www.checkers.co.za/All-Departments/Food/Food-Cupboard/Baking/Icing-and-Decorating/Trumps-100's-and-1000's-Decorative-Sprinkles-75g/p/10147536EA,Another listing shows R29.99
cocoa,Staffords Cocoa Powder 125g,125,59.99,,same,https://www.checkers.co.za/product/staffords-cocoa-powder-125g-10977142EA,
vanilla_essence,Robertsons Vanilla Flavour Essence 40ml,40,13.99,,same,https://www.checkers.co.za/product/robertsons-vanilla-flavour-essence-40ml-10234294EA,
wasabi,,,,,none,https://www.checkers.co.za/All-Departments/Food/Fresh-Food/Fresh-Salad,-Herbs-and-Dip/Hummus-and-Dips/Japanese-Choice-Wasabi-Paste-43g/p/10394380EA,Japanese Choice Wasabi Paste 43g listed but no price shown
fresh_cream,Dewfresh Fresh Cream 500ml,500,46.99,,same,https://www.checkers.co.za/All-Departments/Food/Fresh-Food/Milk,-Butter-and-Eggs/Fresh-Cream-and-Custard/Dewfresh-Fresh-Cream-500ml/p/10138066EA,
white_cheddar,Crystal Valley White Cheddar Cheese 750g,750,109.99,129.99,similar,https://www.checkers.co.za/product/crystal-valley-white-cheddar-cheese-750g-10605698EA,Much bigger block; on promotion when checked
sesame_seeds,Health Connection Wholefoods Dehusked Sesame Seeds 250g,250,69.99,,same,https://www.checkers.co.za/product/health-connection-wholefoods-dehusked-sesame-seeds-250g-10201148EA,
white_vinegar,Checkers Housebrand White Spirit Vinegar 750ml,750,16.99,,same,,From a related-products listing
white_sugar,Sugarfields White Sugar 1kg,1000,29.99,,same,,Huletts 1 kg is R36.99
broccoli,Broccoli 350g,1,29.99,,same,https://www.checkers.co.za/All-Departments/Food/Fresh-Food/Fresh-Vegetables/Broccoli-and-Cauliflower/Broccoli-Pack/p/10151420EA,350 g pack
cauliflower,Cauliflower 400g,1,29.99,,same,https://www.checkers.co.za/All-Departments/Food/Fresh-Food/Fresh-Vegetables/Broccoli-and-Cauliflower/Cauliflower-Pack/p/10151423EA,
wholegrain_mustard,The Kitchen Whole Grain Mustard 200g,200,44.99,,same,https://www.checkers.co.za/product/the-kitchen-whole-grain-mustard-200g-10454172EA,
spinach,Spinach Leaf 300g,300,19.99,,same,https://www.checkers.co.za/product/spinach-leaf-300g-10144922EA,
cherry_tomatoes_tin,Pot O' Gold Whole Unpeeled Cherry Tomatoes in Tomato Juice 400g,1,23.99,,same,https://www.checkers.co.za/All-Departments/Food/Food-Cupboard/Canned-Food/Canned-Tomatoes-and-Puree/Pot-O'-Gold-Whole-Unpeeled-Cherry-Tomatoes-in-Tomato-Juice-400g/p/10350324EA,
balsamic_vinegar,Forage And Feast Balsamic Vinegar 250ml,250,69.99,,same,https://www.checkers.co.za/product/forage-and-feast-balsamic-vinegar-bottle-250ml-10733848EA,R59.99 at some stores
