recipe_id,canva_media_id
1-pot-porkies,MAHXaYApp0M
5-veg-mince-freezer-base,MAHXaX2roMc
bacon-brussels-sprouts,MAHXado2ULQ
baked-apple-brekkie,MAHXac_gbHA
baked-chocolate-oats,MAHXacRIur0
baked-coconut-chicken-curry,MAHXaQNYZ2A
banana-bread-baked-oats,MAHXabzwQow
biscoff-crumble-vanilla-ice-cream,MAHXaWWNwtQ
bougie-up-your-veg-toppings,MAHXaTyPkzY
bovril-seed-crackers,MAHXaQ_cVrs
butternut-chickpea-curry,MAHXaek6f8I
butternut-spinach-bake,MAHXaYR8a1Y
carrot-cake-ice-cream,MAHXaRjRkwY
cheat-s-hoisin-pork-bowls,MAHXaZd_2x0
chia-pear-overnight-oats,MAHXaen5MkM
cottage-pie-with-crispy-potato-parmesan-crust,MAHXaciiuBw
crispy-chickpeas,MAHXaa0RrDI
easy-baked-haddock-with-creamy-mozzarella,MAHXaUYUUFg
easy-chicken-casserole-one-pot-chicken-bake,MAHXaUZpfH4
easy-chicken-pie,MAHXadClhS8
easy-easter-bark,MAHXaRNxTUc
easy-slow-cooker-bolognese,MAHXaamEctk
easy-yoghurt-dressing,MAHXaRcqAjo
egg-hunt-ice-cream,MAHXaRjsm2w
egg-pancakes-with-fillings,MAHXaRG_nhc
fancy-fish-paste,MAHXaf8Q2rQ
green-pasta-salad-meal-prep-base,MAHXafG7y_k
healthier-potato-bake,MAHXaRDWEh4
hearty-chicken-pot-pies,MAHXae9NHIU
hearty-chicken-soup,MAHXaajXIPU
hoisin-pork-fillet-with-noodles,MAHXaaRofXo
homemade-hot-choccie,MAHXabdObMk
hot-cross-bun-ice-cream,MAHXaWGy7y4
kids-sausage-roll,MAHXaTTAssI
leftover-steak-beef-stroganoff,MAHXactccrk
loaded-avo-egg-bowl,MAHXaY5Eq0k
loaded-mex-spuds,MAHXaQwwoLY
low-carb-cottage-pie-cauli-mash,MAHXaaCzCPg
low-sugar-choc-crunchies,MAHXaWG0g-o
mediterranean-meatball-bake,MAHXaQzS49Q
melanzane-the-faster-way,MAHXaS36DsU
microwave-white-sauce,MAHXaXrcygY
mince-in-gems,MAHXaSJbBRI
mince-on-mushrooms,MAHXaf_pku8
moroccan-lamb-meatball-bake,MAHXaUUqvgY
one-pot-lemon-chicken-orzo,MAHXaZ9yZBo
pampoen-tert-lower-sugar,MAHXaQs6Unc
preserved-lemons,MAHXaQLIOSg
quick-easy-chicken-parmigiana,MAHXaSb37FU
really-good-green-sauce,MAHXaeNlsy8
reduced-sugar-peanut-butter-bites,MAHXabdYT8Y
roast-veg-grains-bowl,MAHXaVWdEUE
roasted-beetroot-apple-goat-s-cheese-salad,MAHXaXlMjEc
roasted-veg-jars,MAHXaRF0E_g
salted-caramel-date-squares,MAHXadLzfzU
shortcut-butter-chicken-curry,MAHXabxPG9E
singita-rusks,MAHXacWsEZQ
slow-cooked-beef-shin-osso-buco-style,MAHXadfm7Vk
smashed-baked-potatoes,MAHXaURIPRc
spinach-feta-egg-muffins,MAHXadP30NI
spinach-feta-filo-tart,MAHXaasojfs
sticky-glazed-meatloaf,MAHXabc0dPU
strawberries-cream-fro-yo,MAHXaQUrPxs
super-easy-tuna-pasta-bake,MAHXaYAaUn0
tree-tomato-tamarillo-chutney,MAHXaT9jHec
whole-roasted-butternut-with-feta-sage,MAHXacqP36c
yoghurt-curry-chicken-thighs,MAHXaeykMt4
