key,kcal,protein,carbs,fat,fibre,grams_per_unit,note
choc_chips,530,7,58,30,2,,
tomato_sauce,105,1.2,25,0.1,0.5,,
artichokes,30,2,3,0.3,3,200,drained jar
hoisin,220,3,44,3.4,2.8,,
egg_noodles,350,13,66,2.5,8,57,dry; ~6 nests per 340 g
rice_vinegar,20,0,4,0,0,,
pickled_ginger,50,0.3,11,0.1,1,,
avocado_oil,820,0,0,92,0,,
buttermilk,40,3.3,4.8,1,0,,
plain_yoghurt,75,4.5,5.5,3.5,0,,
baby_marrows,17,1.2,2.2,0.3,1,,
baby_spinach,23,2.9,1.4,0.4,2.2,,
cream_crackers,430,9.5,70,12,3,8.3,per cracker
baking_powder,53,0,28,0,0,,
pesto,450,5,5,45,2,,
beef_shin,85,12.5,0,3.6,0,,as bought: bone-in weight (about 60% meat)
beef_stock_powder,230,10,35,5,0,,
beetroot,43,1.6,7.5,0.2,2.8,,
bicarb,0,0,0,0,0,,
bovril,190,38,4,0.3,0,,
mixed_seeds,570,22,12,47,10,,
brinjals,25,1,3,0.2,3,,
brown_onion_thickener,360,5,75,3,1,40,per 40 g sachet
onions,40,1.1,7.6,0.1,1.7,,
brussels,43,3.4,5,0.3,3.8,300,per 300 g pack
bulgur,342,12,64,1.3,12,,dry
pumpkin,26,1,6,0.1,0.5,,
slaw,30,1.2,5,0.2,2.5,250,per 250 g bag; undressed
butter_chicken_sauce,110,1.5,8,8,1,400,per 400 g jar
butternut,45,1,10,0.1,2,750,edible part of a 900 g butternut
milk_choc,534,7.3,57,30,1,,
cadbury,534,7.3,57,30,1,,
cake_flour,350,10,73,1,3,,
canola_oil,820,0,0,92,0,,
carrot_muffin,380,5,45,20,2,100,per muffin
celery,16,0.7,1.4,0.2,1.6,40,per stick
goats_cheese,270,18,1,21,0,,
chia,486,17,8,31,34,,
chicken_sauce_powder,380,8,60,10,1,37,per 37 g sachet
chicken_thighs_drums,200,18,0,14,0,630,edible part of a 900 g pack
chicken_breast_fillets,110,23,0,1.5,0,,
chicken_stock_tubs,60,3,4,3.5,0,24,per 24 g tub
dried_chickpeas,364,19,45,6,17,,dry
chickpeas_tin,120,7,14,2.5,6,240,drained tin
chilli_oil,600,3,10,60,3,,
chilli_powder,280,13,30,14,34,,
chopped_spinach,25,3,1,0.4,2.5,,
capers,23,2.4,1.7,0.9,3.2,,
english_mustard,180,7,14,10,2,,
mayonnaise,290,1,14,25,0,,
desiccated_coconut,660,6.9,7,65,16,,
bacon,270,15,1,23,0,,
dijon,150,7,5,11,4,,
strawberry_yoghurt,140,3,16,7,0,1000,per 1 kg tub
olive_oil_spray,820,0,0,92,0,,
easter_eggs,480,5,68,21,1,,
fresh_chicken_soup,50,4,4,2,0.8,600,per 600 g tub
cinnamon,250,4,27,1.2,53,,
meatballs,230,16,6,16,0.5,40,per frikkadel
beef_strips,140,21,0,6,0,,
chicken_portions,210,18,0,15,0,840,edible part of a 1.2 kg pack
chicken_thighs,210,17,0,15,0,350,edible part of a 500 g pack
lamb_frikkadels,260,15,5,20,0.5,40,per frikkadel
eggs,143,12.6,0.7,9.5,0,50,per egg
chicken_thigh_fillets,120,20,0,4.5,0,,
basil,23,3.2,1,0.6,1.6,30,per 30 g punnet
bay_leaves,0,0,0,0,0,20,removed before eating
roti,310,8,45,11,2,75,per roti
chives,30,3.3,1.9,0.7,2.5,20,per 20 g punnet
coriander,23,2.1,0.9,0.5,2.8,30,per 30 g punnet
ginger,80,1.8,15,0.8,2,,
beef_stock_liquid,10,1.5,0.5,0.2,0,,
veg_stock,8,0.3,1.2,0.2,0,,
mint,44,3.3,5,0.7,6.8,20,per 20 g punnet
parsley,36,3,3.5,0.8,3.3,30,per 30 g punnet
garlic,149,6.4,30,0.5,2.1,5,per clove
rosemary,131,3.3,7,5.9,14,20,per 20 g punnet
sage,60,2.5,6,2,4,20,per 20 g pack
thyme,101,5.6,10,1.7,14,20,per 20 g punnet
rocket,25,2.6,2,0.7,1.6,30,per 30 g bag
frozen_veg,80,4.5,13,1,4,,
haddock,100,23,0,0.6,0,,
peas,70,5,9,0.4,5,,
filo,300,8,60,3,2,,
puff_pastry,410,6,40,25,1.5,400,per 400 g roll
hot_cross_buns,270,8,50,4,2.5,70,per bun
grains_90s,160,5,26,3,4,250,per 250 g pouch
coconut_rice,170,3,30,4,0.5,250,per 250 g pouch
honey,304,0.3,82,0,0,,
garam_masala,380,14,45,15,25,,
gem_squash,33,1,6,0.1,1.5,100,per half
german_mustard,90,6,6,4.5,2,,
apples,52,0.3,12,0.2,2.4,150,per apple
green_apples,52,0.3,12,0.2,2.4,150,per apple
cheddar_grated,400,25,1,33,0,,
mozzarella,300,22,2,22,0,,
allspice,263,6,50,8.7,22,,
cumin,375,18,34,22,10,,
lean_mince,170,20,0,10,0,,
bread,230,9,40,2.5,7,35,per slice
chilli,40,1.9,7,0.4,1.5,6,per chilli
chardonnay,82,0.1,2.6,0,0,,
white_wine,82,0.1,2.6,0,0,,
italian_herbs,270,11,40,6,30,,
tomato_puree,35,1.6,6,0.2,1.5,,
oats,380,13,60,7,10,,
all_bran,340,11,62,2,15,,
corn_flakes,380,7,84,0.9,3,,
soy_sauce,60,8,6,0,0,,
corn_tin,80,2.5,15,1,2,285,drained tin
potatoes,77,2,17,0.1,2.2,,
lemons,29,1.1,6,0.3,2.8,100,per lemon
lentils_tin,85,6,12,0.5,4,400,per 400 g tin
brown_sugar,380,0,98,0,0,,
tuna,110,25,0,1,0,120,drained tin
milk,64,3.3,4.8,3.4,0,,
low_fat_milk,47,3.4,4.8,1.5,0,,
biscoff,484,4.9,72,19,1.3,6.25,per biscuit
steak_sauce,120,1,28,0.3,0.5,,
corn_starch,360,0.3,88,0.1,0.9,,
med_cook_in,60,1.3,8,2.5,1.5,400,per 400 g jar
carrots,41,0.9,7,0.2,2.8,,
rotisserie_chicken,210,25,0,12,0,800,edible meat and skin
salsa,35,1.5,6,0.2,1.5,,
salad_leaves,18,1.4,2,0.3,1.5,180,per 180 g bag
mixed_spice,300,5,55,9,20,,
moroccan_soup,70,4.5,8,2,2,400,per 400 g tub
chutney,175,0.6,42,0.2,1,,
mushroom_soup,60,1.5,5,4,0.5,600,per 600 g tub
evaporated_milk,135,6.8,10,7.5,0,,
smarties,470,4.5,70,18,1.5,,
peanut_butter,610,26,13,50,7,,
smoked_salmon,180,22,0,10,0,,
oregano,265,9,26,4.3,43,,
bananas,89,1.1,20,0.3,2.6,120,per banana
berries,57,0.7,12,0.3,2.4,,
cottage_cheese,120,11,3.5,7,0,,
sesame_oil,820,0,0,92,0,,
orzo,355,12.5,71,1.5,3,,dry
passata,35,1.5,6,0.3,1.5,340,per 340 ml
pears_tin,50,0.3,12,0.1,1.5,420,per tin incl. juice
pecans,690,9,4,72,9.6,,
tinned_tomatoes,22,1,3.5,0.2,1,400,per 400 g tin
iceberg,14,0.9,2,0.1,1.2,135,per lettuce
pickled_onions,60,1,13,0.1,1,,
green_olives,145,1,0.5,15,3.3,,
dates,277,1.8,75,0.2,6.7,19,per date
balsamic_glaze,250,0.5,60,0,0,,
cream_cheese,220,8,4,19,0,,
feta,265,14,4,21,0,,
pomegranate,83,1.7,14,1.2,4,,
pork_fillet,120,21,0,3.5,0,400,per fillet
pork_sausages,270,13,5,22,0.5,400,per pack
portabello,22,2.1,3,0.3,1.3,80,per mushroom
olive_oil,820,0,0,92,0,,
pumpkin_seeds,560,30,10,49,6,,
flaked_almonds,580,21,9,50,12,,
mixed_nuts,650,15,11,60,8,,
pistachios,560,20,17,45,10,,
kidney_beans,105,7.5,14,0.5,6,240,drained tin
red_onions,40,1.1,8,0.1,1.7,,
coconut_milk_lite,75,0.6,2,7,0,,
avocado,160,2,2,15,6.7,150,per avocado
rosa_200,18,0.9,3,0.2,1.2,200,per 200 g punnet
rosa_400,18,0.9,3,0.2,1.2,400,per 400 g punnet
rosa_600,18,0.9,3,0.2,1.2,600,per 600 g punnet
butter,720,0.8,0.6,80,0,,
pretzels,400,10,78,4,3,,
sardines,210,24,0,12,0,90,drained tin
popcorn,430,11,60,15,14,,
self_raising_flour,345,10,72,1,3,,
edamame,120,11,6,5,5,,
red_pepper,31,1,6,0.3,2.1,160,per pepper
yellow_pepper,27,1,5.5,0.2,0.9,160,per pepper
cooked_chicken_breast,150,26,1,4.5,0,,
sliced_mushrooms,22,3.1,0.5,0.3,1,250,per 250 g punnet
tomatoes,18,0.9,3,0.2,1.2,120,per tomato
salami,400,22,1,34,0,,
dried_fruit,250,2.5,60,0.5,7,,
parmesan,360,32,1,25,0,,
spring_onions,32,1.8,5,0.2,2.6,100,per bunch
sunflower_seeds,585,21,11,51,9,,
corn_cobs,86,3.3,17,1.4,2.4,150,kernels per cob
curry_paste,250,3,12,21,4,,
breadcrumbs,390,12,75,4,4,,
tomato_onion_mix,45,1.2,8,0.8,1.5,410,per 410 g tin
tomato_paste,82,4.3,15,0.5,4,,
tomato_soup,55,1.2,9,1.5,1,400,per 400 g tub
truffle_oil,820,0,0,92,0,,
turmeric,312,10,44,3.3,22,,
sprinkles,450,0,90,8,0,,
cocoa,228,20,24,14,33,,
vanilla_essence,50,0,12,0,0,,
wasabi,270,3,45,9,3,,
fresh_cream,340,2,3,35,0,,
white_cheddar,405,25,1,33,0,,
sesame_seeds,570,18,12,50,12,,
white_vinegar,18,0,0,0,0,,
white_sugar,400,0,100,0,0,,
broccoli,34,2.8,4,0.4,2.6,400,per head
cauliflower,25,1.9,3,0.3,2,500,per head
wholegrain_mustard,150,7,8,10,5,,
spinach,23,2.9,1.4,0.4,2.2,,
cherry_tomatoes_tin,22,1,3.5,0.2,1,400,per 400 g tin
ww_fusilli,350,13,64,2.5,9,,dry
balsamic_vinegar,88,0.5,17,0,0,,
lemon_olive_oil,820,0,0,92,0,,
