recipe_id,servings,note
easy-chicken-pie,6,estimate
bougie-up-your-veg-toppings,4,estimate
spinach-feta-filo-tart,4,estimate
pampoen-tert-lower-sugar,8,estimate: slices
sticky-glazed-meatloaf,6,estimate
fancy-fish-paste,6,estimate
easy-yoghurt-dressing,6,estimate
hoisin-pork-fillet-with-noodles,4,from recipe
crispy-chickpeas,4,estimate
homemade-hot-choccie,1,from recipe
cottage-pie-with-crispy-potato-parmesan-crust,6,estimate
quick-easy-chicken-parmigiana,4,estimate
bovril-seed-crackers,10,estimate
super-easy-tuna-pasta-bake,4,estimate
cheat-s-hoisin-pork-bowls,4,estimate
slow-cooked-beef-shin-osso-buco-style,6,estimate
salted-caramel-date-squares,16,estimate: squares
microwave-white-sauce,6,estimate
easy-chicken-casserole-one-pot-chicken-bake,6,from recipe
kids-sausage-roll,6,estimate
healthier-potato-bake,5,from recipe (4–6)
leftover-steak-beef-stroganoff,3,estimate
yoghurt-curry-chicken-thighs,4,estimate
shortcut-butter-chicken-curry,5,estimate
moroccan-lamb-meatball-bake,4,estimate
easy-slow-cooker-bolognese,6,estimate
baked-coconut-chicken-curry,5,from recipe (4–6)
hearty-chicken-pot-pies,6,estimate
singita-rusks,70,from recipe (65–75 rusks)
preserved-lemons,20,estimate
baked-apple-brekkie,4,estimate
green-pasta-salad-meal-prep-base,4,estimate
bacon-brussels-sprouts,4,estimate
butternut-spinach-bake,4,estimate
hearty-chicken-soup,4,estimate
banana-bread-baked-oats,4,estimate
loaded-avo-egg-bowl,1,from recipe
loaded-mex-spuds,8,from recipe
1-pot-porkies,4,estimate
roasted-beetroot-apple-goat-s-cheese-salad,4,estimate
tree-tomato-tamarillo-chutney,20,estimate
butternut-chickpea-curry,6,estimate
strawberries-cream-fro-yo,6,estimate
one-pot-lemon-chicken-orzo,6,estimate
smashed-baked-potatoes,4,estimate
low-sugar-choc-crunchies,16,estimate: squares
easy-baked-haddock-with-creamy-mozzarella,3,estimate
really-good-green-sauce,12,estimate
roasted-veg-jars,4,estimate
easy-easter-bark,12,estimate
baked-chocolate-oats,5,from recipe (4–6 ramekins)
hot-cross-bun-ice-cream,4,estimate
carrot-cake-ice-cream,6,estimate
egg-hunt-ice-cream,4,estimate
whole-roasted-butternut-with-feta-sage,4,estimate
egg-pancakes-with-fillings,6,from recipe (pancakes)
mediterranean-meatball-bake,4,estimate
spinach-feta-egg-muffins,12,from recipe (muffins)
chia-pear-overnight-oats,3,from recipe
roast-veg-grains-bowl,3,from recipe
5-veg-mince-freezer-base,8,estimate
mince-in-gems,4,estimate
mince-on-mushrooms,4,estimate
low-carb-cottage-pie-cauli-mash,4,estimate
melanzane-the-faster-way,4,estimate
reduced-sugar-peanut-butter-bites,20,estimate
biscoff-crumble-vanilla-ice-cream,8,estimate
